"charger_id","charger_name","lat","lon","charger_type","power_kw","connector","number_of_chargers","simultaneous_capacity","price_per_kwh","open_hour","public_private","taxi_access"
"seoul_owned_50동부캠퍼스_1","50동부캠퍼스","","","AC완속","7","AC완속","1","1","","24시간 이용가능","서울시 소유",""
"seoul_owned_50동부캠퍼스_2","50동부캠퍼스","","","AC완속","7","AC완속","1","1","","24시간 이용가능","서울시 소유",""
"seoul_owned_50동부캠퍼스_3","50동부캠퍼스","","","AC완속","7","AC완속","1","1","","24시간 이용가능","서울시 소유",""
"seoul_owned_50동부캠퍼스_4","50동부캠퍼스","","","AC완속","7","AC완속","1","1","","24시간 이용가능","서울시 소유",""
"seoul_owned_50동부캠퍼스_5","50동부캠퍼스","","","AC완속","7","AC완속","1","1","","24시간 이용가능","서울시 소유",""
"seoul_owned_50동부캠퍼스_6","50동부캠퍼스","","","AC완속","7","AC완속","1","1","","24시간 이용가능","서울시 소유",""
"seoul_owned_50동부캠퍼스_7","50동부캠퍼스","","","AC완속","7","AC완속","1","1","","24시간 이용가능","서울시 소유",""
"seoul_owned_50동부캠퍼스_8","50동부캠퍼스","","","AC완속","7","AC완속","1","1","","24시간 이용가능","서울시 소유",""
"seoul_owned_50동부캠퍼스_9","50동부캠퍼스","","","AC완속","7","AC완속","1","1","","24시간 이용가능","서울시 소유",""
"seoul_owned_50동부캠퍼스_10","50동부캠퍼스","","","AC완속","7","AC완속","1","1","","24시간 이용가능","서울시 소유",""
"seoul_owned_50동부캠퍼스_11","50동부캠퍼스","","","DC콤보","50","DC콤보","1","1","","24시간 이용가능","서울시 소유",""
"seoul_owned_50동부캠퍼스_12","50동부캠퍼스","","","DC콤보","100","DC콤보","1","1","","24시간 이용가능","서울시 소유",""
"seoul_owned_50동부캠퍼스_13","50동부캠퍼스","","","DC콤보","100","DC콤보","1","1","","24시간 이용가능","서울시 소유",""
"seoul_owned_AI 체육센터_1","AI 체육센터","","","AC완속","7","AC완속","1","1","","24시간 이용가능","서울시 소유",""
"seoul_owned_AI 체육센터_2","AI 체육센터","","","DC콤보","100","DC콤보","1","1","","24시간 이용가능","서울시 소유",""
"seoul_owned_SK허브수 인근 거주자우선주차장_1","SK허브수 인근 거주자우선주차장","","","AC완속","7","AC완속","1","1","","24시간 이용가능","서울시 소유",""
"seoul_owned_SK허브수 인근 거주자우선주차장_2","SK허브수 인근 거주자우선주차장","","","AC완속","7","AC완속","1","1","","24시간 이용가능","서울시 소유",""
"seoul_owned_가산 공영주차장_1","가산 공영주차장","","","DC콤보","50","DC콤보","1","1","","주중 08:00~19:00, 주말 09:00~18:00","서울시 소유",""
"seoul_owned_강남구 압구정 나들목 앞 가로등형 충전기_1","강남구 압구정 나들목 앞 가로등형 충전기","","","DC콤보","50","DC콤보","1","1","","24시간 이용가능","서울시 소유",""
"seoul_owned_강남구 압구정 나들목 앞 가로등형 충전기_2","강남구 압구정 나들목 앞 가로등형 충전기","","","DC콤보","50","DC콤보","1","1","","24시간 이용가능","서울시 소유",""
"seoul_owned_강남운전면허시험장_1","강남운전면허시험장","","","DC콤보","50","DC콤보","1","1","","평일 09:00~18:00","서울시 소유",""
"seoul_owned_강남주민편익시설_1","강남주민편익시설","","","DC콤보","50","DC콤보","1","1","","24시간 이용가능","서울시 소유",""
"seoul_owned_강남주민편익시설_2","강남주민편익시설","","","DC콤보","50","DC콤보","1","1","","24시간 이용가능","서울시 소유",""
"seoul_owned_강남주민편익시설_3","강남주민편익시설","","","DC콤보","50","DC콤보","1","1","","24시간 이용가능","서울시 소유",""
"seoul_owned_강남주민편익시설_4","강남주민편익시설","","","DC콤보","50","DC콤보","1","1","","24시간 이용가능","서울시 소유",""
"seoul_owned_강동구청_1","강동구청","","","DC콤보","100","DC콤보","1","1","","24시간 이용가능","서울시 소유",""
"seoul_owned_강동구청_2","강동구청","","","DC콤보","100","DC콤보","1","1","","24시간 이용가능","서울시 소유",""
"seoul_owned_강동구청 제2구민체육센터_1","강동구청 제2구민체육센터","","","DC콤보","100","DC콤보","1","1","","24시간 이용가능","서울시 소유",""
"seoul_owned_강동구청 제2구민체육센터_2","강동구청 제2구민체육센터","","","DC콤보","100","DC콤보","1","1","","24시간 이용가능","서울시 소유",""
"seoul_owned_강동구청 제2구민체육센터_3","강동구청 제2구민체육센터","","","DC콤보","100","DC콤보","1","1","","24시간 이용가능","서울시 소유",""
"seoul_owned_강동문화재단_1","강동문화재단","","","AC완속","7","AC완속","1","1","","24시간 이용가능","서울시 소유",""
"seoul_owned_강동문화재단_2","강동문화재단","","","AC완속","7","AC완속","1","1","","24시간 이용가능","서울시 소유",""
"seoul_owned_강동문화재단_3","강동문화재단","","","AC완속","7","AC완속","1","1","","24시간 이용가능","서울시 소유",""
"seoul_owned_개봉1동 노외공영주차장_1","개봉1동 노외공영주차장","","","AC완속","7","AC완속","1","1","","24시간 이용가능","서울시 소유",""
"seoul_owned_개봉1동 노외공영주차장_2","개봉1동 노외공영주차장","","","AC완속","7","AC완속","1","1","","24시간 이용가능","서울시 소유",""
"seoul_owned_개화산역 공영주차장_1","개화산역 공영주차장","","","DC콤보","50","DC콤보","1","1","","24시간 이용가능","서울시 소유",""
"seoul_owned_개화산역 공영주차장_2","개화산역 공영주차장","","","DC콤보","200","DC콤보","1","1","","24시간 이용가능","서울시 소유",""
"seoul_owned_개화산역 공영주차장_3","개화산역 공영주차장","","","DC콤보","200","DC콤보","1","1","","24시간 이용가능","서울시 소유",""
"seoul_owned_개화산역 공영주차장_4","개화산역 공영주차장","","","DC콤보","200","DC콤보","1","1","","24시간 이용가능","서울시 소유",""
"seoul_owned_개화산역 공영주차장_5","개화산역 공영주차장","","","DC콤보","200","DC콤보","1","1","","24시간 이용가능","서울시 소유",""
"seoul_owned_개화산역 공영주차장_6","개화산역 공영주차장","","","DC콤보","100","DC콤보","1","1","","24시간 이용가능","서울시 소유",""
"seoul_owned_개화산역 공영주차장_7","개화산역 공영주차장","","","DC콤보","200","DC콤보","1","1","","24시간 이용가능","서울시 소유",""
"seoul_owned_고척1동 마을 공영주차장_1","고척1동 마을 공영주차장","","","DC콤보","50","DC콤보","1","1","","24시간 이용가능","서울시 소유",""
"seoul_owned_고척1동 마을 공영주차장_2","고척1동 마을 공영주차장","","","DC콤보","50","DC콤보","1","1","","24시간 이용가능","서울시 소유",""
"seoul_owned_고척1동 마을 공영주차장_3","고척1동 마을 공영주차장","","","DC콤보","50","DC콤보","1","1","","24시간 이용가능","서울시 소유",""
"seoul_owned_고척1동 마을 공영주차장_4","고척1동 마을 공영주차장","","","DC콤보","50","DC콤보","1","1","","24시간 이용가능","서울시 소유",""
"seoul_owned_고척1동 마을 공영주차장_5","고척1동 마을 공영주차장","","","DC콤보","50","DC콤보","1","1","","24시간 이용가능","서울시 소유",""
"seoul_owned_고척스카이돔_1","고척스카이돔","","","DC콤보","90","DC콤보","1","1","","24시간 이용가능","서울시 소유",""
"seoul_owned_고척스카이돔_2","고척스카이돔","","","DC콤보","90","DC콤보","1","1","","24시간 이용가능","서울시 소유",""
"seoul_owned_고척스카이돔_3","고척스카이돔","","","DC콤보","90","DC콤보","1","1","","24시간 이용가능","서울시 소유",""
"seoul_owned_고척스카이돔_4","고척스카이돔","","","DC콤보","90","DC콤보","1","1","","24시간 이용가능","서울시 소유",""
"seoul_owned_고척스카이돔_5","고척스카이돔","","","DC콤보","90","DC콤보","1","1","","24시간 이용가능","서울시 소유",""
"seoul_owned_고척스카이돔_6","고척스카이돔","","","DC콤보","90","DC콤보","1","1","","24시간 이용가능","서울시 소유",""
"seoul_owned_고척스카이돔_7","고척스카이돔","","","AC완속","7","AC완속","1","1","","24시간 이용가능","서울시 소유",""
"seoul_owned_곰달래5길 노상공영주차장_1","곰달래5길 노상공영주차장","","","DC콤보","50","DC콤보","1","1","","24시간 이용가능","서울시 소유",""
"seoul_owned_곰달래5길 노상공영주차장_2","곰달래5길 노상공영주차장","","","DC콤보","50","DC콤보","1","1","","24시간 이용가능","서울시 소유",""
"seoul_owned_공릉동 거주자주차장_1","공릉동 거주자주차장","","","DC콤보","50","DC콤보","1","1","","24시간 이용가능","서울시 소유",""
"seoul_owned_관악구 노인회관 50센터_1","관악구 노인회관 50센터","","","DC콤보","50","DC콤보","1","1","","24시간 이용가능","서울시 소유",""
"seoul_owned_광진구 자양동 거주자우선주차장 가로등형 충전기_1","광진구 자양동 거주자우선주차장 가로등형 충전기","","","DC콤보","50","DC콤보","1","1","","24시간 이용가능","서울시 소유",""
"seoul_owned_교통공원길 공영주차장 전기차 충전소_1","교통공원길 공영주차장 전기차 충전소","","","DC콤보","50","DC콤보","1","1","","24시간 이용가능","서울시 소유",""
"seoul_owned_교통공원길 공영주차장 전기차 충전소_2","교통공원길 공영주차장 전기차 충전소","","","AC완속","7","AC완속","1","1","","24시간 이용가능","서울시 소유",""
"seoul_owned_구로2동 주택가 공영주차장_1","구로2동 주택가 공영주차장","","","DC콤보","50","DC콤보","1","1","","24시간 이용가능","서울시 소유",""
"seoul_owned_구로2동 주택가 공영주차장_2","구로2동 주택가 공영주차장","","","DC콤보","50","DC콤보","1","1","","24시간 이용가능","서울시 소유",""
"seoul_owned_구로2동 주택가 공영주차장_3","구로2동 주택가 공영주차장","","","DC콤보","50","DC콤보","1","1","","24시간 이용가능","서울시 소유",""
"seoul_owned_구로2동 주택가 공영주차장_4","구로2동 주택가 공영주차장","","","DC콤보","50","DC콤보","1","1","","24시간 이용가능","서울시 소유",""
"seoul_owned_구로2동 주택가 공영주차장_5","구로2동 주택가 공영주차장","","","DC콤보","50","DC콤보","1","1","","24시간 이용가능","서울시 소유",""
"seoul_owned_구로5동 마을공동공영주차장_1","구로5동 마을공동공영주차장","","","AC완속","7","AC완속","1","1","","24시간 이용가능","서울시 소유",""
"seoul_owned_구로5동 마을공동공영주차장_2","구로5동 마을공동공영주차장","","","AC완속","7","AC완속","1","1","","24시간 이용가능","서울시 소유",""
"seoul_owned_구파발역 공영주차장 _1","구파발역 공영주차장 ","","","DC콤보","100","DC콤보","1","1","","24시간 이용가능","서울시 소유",""
"seoul_owned_구파발역 공영주차장 _2","구파발역 공영주차장 ","","","DC콤보","100","DC콤보","1","1","","24시간 이용가능","서울시 소유",""
"seoul_owned_국립한글박물관 지하주차장_1","국립한글박물관 지하주차장","","","AC완속","7","AC완속","1","1","","10:00~18:00","서울시 소유",""
"seoul_owned_국립한글박물관 지하주차장_2","국립한글박물관 지하주차장","","","DC콤보","50","DC콤보","1","1","","10:00~18:00","서울시 소유",""
"seoul_owned_기업은행 무교지점 앞 가로등형 충전소_1","기업은행 무교지점 앞 가로등형 충전소","","","DC콤보","50","DC콤보","1","1","","24시간 이용가능","서울시 소유",""
"seoul_owned_난곡스마트 공영주차장_1","난곡스마트 공영주차장","","","DC콤보","100","DC콤보","1","1","","24시간 이용가능","서울시 소유",""
"seoul_owned_난곡스마트 공영주차장_2","난곡스마트 공영주차장","","","DC콤보","100","DC콤보","1","1","","24시간 이용가능","서울시 소유",""
"seoul_owned_남부초 공영주차장_1","남부초 공영주차장","","","DC콤보","50","DC콤보","1","1","","24시간 이용가능","서울시 소유",""
"seoul_owned_남산청사_1","남산청사","","","AC완속","7","AC완속","1","1","","평일 09:00~18:00","서울시 소유",""
"seoul_owned_남산청사_2","남산청사","","","AC완속","7","AC완속","1","1","","평일 09:00~18:00","서울시 소유",""
"seoul_owned_노송길 공동주차장 _1","노송길 공동주차장 ","","","DC콤보","100","DC콤보","1","1","","24시간 이용가능","서울시 소유",""
"seoul_owned_노송길 공동주차장 _2","노송길 공동주차장 ","","","DC콤보","100","DC콤보","1","1","","24시간 이용가능","서울시 소유",""
"seoul_owned_노원구청_1","노원구청","","","DC콤보","100","DC콤보","1","1","","09:00~18:00","서울시 소유",""
"seoul_owned_노원구청_2","노원구청","","","DC콤보","100","DC콤보","1","1","","09:00~18:00","서울시 소유",""
"seoul_owned_노원구청_3","노원구청","","","DC콤보","100","DC콤보","1","1","","09:00~18:00","서울시 소유",""
"seoul_owned_노원구청_4","노원구청","","","DC콤보","100","DC콤보","1","1","","09:00~18:00","서울시 소유",""
"seoul_owned_노원세무서 거주자주차장_1","노원세무서 거주자주차장","","","DC콤보","50","DC콤보","1","1","","24시간 이용가능","서울시 소유",""
"seoul_owned_노원수학문화관_1","노원수학문화관","","","DC콤보","100","DC콤보","1","1","","24시간 이용가능","서울시 소유",""
"seoul_owned_노원이지센터_1","노원이지센터","","","DC콤보","50","DC콤보","1","1","","24시간 이용가능","서울시 소유",""
"seoul_owned_노원이지센터_2","노원이지센터","","","DC콤보","100","DC콤보","1","1","","24시간 이용가능","서울시 소유",""
"seoul_owned_노원이지센터_3","노원이지센터","","","DC콤보","100","DC콤보","1","1","","24시간 이용가능","서울시 소유",""
"seoul_owned_노원자원회수시설_1","노원자원회수시설","","","DC콤보","100","DC콤보","1","1","","06:00~23:00","서울시 소유",""
"seoul_owned_노원자원회수시설_2","노원자원회수시설","","","DC콤보","100","DC콤보","1","1","","06:00~23:00","서울시 소유",""
"seoul_owned_노원자원회수시설_3","노원자원회수시설","","","DC콤보","50","DC콤보","1","1","","06:00~23:00","서울시 소유",""
"seoul_owned_노원자원회수시설_5","노원자원회수시설","","","DC콤보","50","DC콤보","1","1","","06:00~23:00","서울시 소유",""
"seoul_owned_노원자원회수시설_6","노원자원회수시설","","","DC콤보","50","DC콤보","1","1","","06:00~23:00","서울시 소유",""
"seoul_owned_논현 1호 공영주차장_1","논현 1호 공영주차장","","","DC콤보","100","DC콤보","1","1","","24시간 이용가능","서울시 소유",""
"seoul_owned_논현 1호 공영주차장_2","논현 1호 공영주차장","","","DC콤보","100","DC콤보","1","1","","24시간 이용가능","서울시 소유",""
"seoul_owned_논현 2호 공영주차장_1","논현 2호 공영주차장","","","DC콤보","100","DC콤보","1","1","","24시간 이용가능","서울시 소유",""
"seoul_owned_논현 2호 공영주차장_2","논현 2호 공영주차장","","","DC콤보","100","DC콤보","1","1","","24시간 이용가능","서울시 소유",""
"seoul_owned_논현2동 주민센터_1","논현2동 주민센터","","","AC완속","7","AC완속","1","1","","24시간 이용가능","서울시 소유",""
"seoul_owned_논현로28길 노상공영주차장_1","논현로28길 노상공영주차장","","","DC콤보","50","DC콤보","1","1","","24시간 이용가능","서울시 소유",""
"seoul_owned_논현문화마루_1","논현문화마루","","","DC콤보","100","DC콤보","1","1","","24시간 이용가능","서울시 소유",""
"seoul_owned_누상공영주차장_1","누상공영주차장","","","DC콤보","50","DC콤보","1","1","","24시간 이용가능","서울시 소유",""
"seoul_owned_누상공영주차장_2","누상공영주차장","","","AC완속","7","AC완속","1","1","","24시간 이용가능","서울시 소유",""
"seoul_owned_대궐재어린이공원 거주자주차장_1","대궐재어린이공원 거주자주차장","","","DC콤보","50","DC콤보","1","1","","24시간 이용가능","서울시 소유",""
"seoul_owned_대방동(서울공고) 거주자주차장_1","대방동(서울공고) 거주자주차장","","","DC콤보","50","DC콤보","1","1","","24시간 이용가능","서울시 소유",""
"seoul_owned_도곡2동 주민센터_1","도곡2동 주민센터","","","DC콤보","100","DC콤보","1","1","","24시간 이용가능","서울시 소유",""
"seoul_owned_도곡정보문화도서관_1","도곡정보문화도서관","","","AC완속","7","AC완속","1","1","","24시간 이용가능","서울시 소유",""
"seoul_owned_도곡정보문화도서관_2","도곡정보문화도서관","","","AC완속","7","AC완속","1","1","","24시간 이용가능","서울시 소유",""
"seoul_owned_도봉동 거주자우선주차장_1","도봉동 거주자우선주차장","","","DC콤보","50","DC콤보","1","1","","24시간 이용가능","서울시 소유",""
"seoul_owned_도봉동 실내스포츠센터_1","도봉동 실내스포츠센터","","","DC콤보","100","DC콤보","1","1","","24시간 이용가능","서울시 소유",""
"seoul_owned_도봉동 실내스포츠센터_2","도봉동 실내스포츠센터","","","DC콤보","100","DC콤보","1","1","","24시간 이용가능","서울시 소유",""
"seoul_owned_도봉산역 환승주차장_1","도봉산역 환승주차장","","","DC콤보","100","DC콤보","1","1","","24시간 이용가능","서울시 소유",""
"seoul_owned_도봉산역 환승주차장_2","도봉산역 환승주차장","","","DC콤보","100","DC콤보","1","1","","24시간 이용가능","서울시 소유",""
"seoul_owned_독립문문화공원 지하공영주차장 _1","독립문문화공원 지하공영주차장 ","","","DC콤보","100","DC콤보","1","1","","24시간 이용가능","서울시 소유",""
"seoul_owned_독립문문화공원 지하공영주차장 _2","독립문문화공원 지하공영주차장 ","","","DC콤보","100","DC콤보","1","1","","24시간 이용가능","서울시 소유",""
"seoul_owned_독립문문화공원 지하공영주차장 _3","독립문문화공원 지하공영주차장 ","","","DC콤보","100","DC콤보","1","1","","24시간 이용가능","서울시 소유",""
"seoul_owned_독립문문화공원 지하공영주차장 _4","독립문문화공원 지하공영주차장 ","","","DC콤보","100","DC콤보","1","1","","24시간 이용가능","서울시 소유",""
"seoul_owned_독립문문화공원 지하공영주차장 _5","독립문문화공원 지하공영주차장 ","","","DC콤보","100","DC콤보","1","1","","24시간 이용가능","서울시 소유",""
"seoul_owned_독립문문화공원 지하공영주차장 _6","독립문문화공원 지하공영주차장 ","","","DC콤보","100","DC콤보","1","1","","24시간 이용가능","서울시 소유",""
"seoul_owned_동대문구청_1","동대문구청","","","DC콤보","100","DC콤보","1","1","","24시간 이용가능","서울시 소유",""
"seoul_owned_동대문구청_2","동대문구청","","","DC콤보","100","DC콤보","1","1","","24시간 이용가능","서울시 소유",""
"seoul_owned_동대문구청_3","동대문구청","","","DC콤보","100","DC콤보","1","1","","24시간 이용가능","서울시 소유",""
"seoul_owned_동대문구청_4","동대문구청","","","DC콤보","100","DC콤보","1","1","","24시간 이용가능","서울시 소유",""
"seoul_owned_동대문구청_5","동대문구청","","","DC콤보","100","DC콤보","1","1","","24시간 이용가능","서울시 소유",""
"seoul_owned_동대문구청_6","동대문구청","","","DC콤보","100","DC콤보","1","1","","24시간 이용가능","서울시 소유",""
"seoul_owned_동대문구청_7","동대문구청","","","DC콤보","100","DC콤보","1","1","","24시간 이용가능","서울시 소유",""
"seoul_owned_동작구청_1","동작구청","","","DC차데모+AC3상+DC콤보","50","DC차데모+AC3상+DC콤보","1","1","","평일 09:00~18:00","서울시 소유",""
"seoul_owned_동작구청 후문 가로등형 충전소_1","동작구청 후문 가로등형 충전소","","","DC콤보","50","DC콤보","1","1","","24시간 이용가능","서울시 소유",""
"seoul_owned_드림디포 앞 가로등형 충전소_1","드림디포 앞 가로등형 충전소","","","DC콤보","50","DC콤보","1","1","","24시간 이용가능","서울시 소유",""
"seoul_owned_로봇과학관_1","로봇과학관","","","AC완속","7","AC완속","1","1","","24시간 이용가능","서울시 소유",""
"seoul_owned_마들스포츠타운_1","마들스포츠타운","","","DC콤보","100","DC콤보","1","1","","24시간 이용가능","서울시 소유",""
"seoul_owned_마들스포츠타운_2","마들스포츠타운","","","DC콤보","100","DC콤보","1","1","","24시간 이용가능","서울시 소유",""
"seoul_owned_마들스포츠타운_3","마들스포츠타운","","","DC콤보","100","DC콤보","1","1","","24시간 이용가능","서울시 소유",""
"seoul_owned_마들스포츠타운_4","마들스포츠타운","","","DC콤보","100","DC콤보","1","1","","24시간 이용가능","서울시 소유",""
"seoul_owned_마들스포츠타운_5","마들스포츠타운","","","DC콤보","100","DC콤보","1","1","","24시간 이용가능","서울시 소유",""
"seoul_owned_마들스포츠타운_6","마들스포츠타운","","","DC콤보","100","DC콤보","1","1","","24시간 이용가능","서울시 소유",""
"seoul_owned_마천동1 공영주차장_1","마천동1 공영주차장","","","AC완속","7","AC완속","1","1","","24시간 이용가능","서울시 소유",""
"seoul_owned_마천동1 공영주차장_2","마천동1 공영주차장","","","AC완속","7","AC완속","1","1","","24시간 이용가능","서울시 소유",""
"seoul_owned_마천동1 공영주차장_3","마천동1 공영주차장","","","AC완속","7","AC완속","1","1","","24시간 이용가능","서울시 소유",""
"seoul_owned_마포농수산물시장_1","마포농수산물시장","","","DC콤보","50","DC콤보","1","1","","24시간 이용가능","서울시 소유",""
"seoul_owned_마포농수산물시장_2","마포농수산물시장","","","DC콤보","100","DC콤보","1","1","","24시간 이용가능","서울시 소유",""
"seoul_owned_마포농수산물시장_3","마포농수산물시장","","","DC콤보","100","DC콤보","1","1","","24시간 이용가능","서울시 소유",""
"seoul_owned_마포농수산물시장_4","마포농수산물시장","","","DC콤보","100","DC콤보","1","1","","24시간 이용가능","서울시 소유",""
"seoul_owned_마포농수산물시장_5","마포농수산물시장","","","DC콤보","100","DC콤보","1","1","","24시간 이용가능","서울시 소유",""
"seoul_owned_마포유수지 공영주차장 _1","마포유수지 공영주차장 ","","","DC콤보","100","DC콤보","1","1","","24시간 이용가능","서울시 소유",""
"seoul_owned_마포유수지 공영주차장 _2","마포유수지 공영주차장 ","","","DC콤보","100","DC콤보","1","1","","24시간 이용가능","서울시 소유",""
"seoul_owned_마포유수지 공영주차장 _3","마포유수지 공영주차장 ","","","DC콤보","100","DC콤보","1","1","","24시간 이용가능","서울시 소유",""
"seoul_owned_마포유수지 공영주차장 _4","마포유수지 공영주차장 ","","","DC콤보","100","DC콤보","1","1","","24시간 이용가능","서울시 소유",""
"seoul_owned_망우역사문화공원 제3주차장_1","망우역사문화공원 제3주차장","","","DC콤보","50","DC콤보","1","1","","24시간 이용가능","서울시 소유",""
"seoul_owned_망우역사문화공원 제3주차장_2","망우역사문화공원 제3주차장","","","DC콤보","50","DC콤보","1","1","","24시간 이용가능","서울시 소유",""
"seoul_owned_망우역사문화공원 제3주차장_3","망우역사문화공원 제3주차장","","","DC콤보","100","DC콤보","1","1","","24시간 이용가능","서울시 소유",""
"seoul_owned_망우역사문화공원 제3주차장_4","망우역사문화공원 제3주차장","","","DC콤보","100","DC콤보","1","1","","24시간 이용가능","서울시 소유",""
"seoul_owned_망우제2 거주자주차장_1","망우제2 거주자주차장","","","DC콤보","50","DC콤보","1","1","","주중 08:00~19:00, 주말 09:00~18:00","서울시 소유",""
"seoul_owned_망원3 노상공영주차장_1","망원3 노상공영주차장","","","DC콤보","50","DC콤보","1","1","","24시간 이용가능","서울시 소유",""
"seoul_owned_면목5동 공영주차장_1","면목5동 공영주차장","","","DC콤보","100","DC콤보","1","1","","24시간 이용가능","서울시 소유",""
"seoul_owned_면목5동 공영주차장_2","면목5동 공영주차장","","","DC콤보","100","DC콤보","1","1","","24시간 이용가능","서울시 소유",""
"seoul_owned_면일초등학교 공영주차장_1","면일초등학교 공영주차장","","","DC콤보","50","DC콤보","1","1","","24시간 이용가능","서울시 소유",""
"seoul_owned_면일초등학교 공영주차장_2","면일초등학교 공영주차장","","","DC콤보","100","DC콤보","1","1","","24시간 이용가능","서울시 소유",""
"seoul_owned_면일초등학교 공영주차장_3","면일초등학교 공영주차장","","","DC콤보","100","DC콤보","1","1","","24시간 이용가능","서울시 소유",""
"seoul_owned_명일동 거주자주차장(127번)_1","명일동 거주자주차장(127번)","","","DC콤보","50","DC콤보","1","1","","24시간 이용가능","서울시 소유",""
"seoul_owned_명일동 거주자주차장(134번)_1","명일동 거주자주차장(134번)","","","DC콤보","50","DC콤보","1","1","","24시간 이용가능","서울시 소유",""
"seoul_owned_목동공영주차장_1","목동공영주차장","","","DC콤보","100","DC콤보","1","1","","24시간 이용가능","서울시 소유",""
"seoul_owned_목동공영주차장_2","목동공영주차장","","","DC콤보","100","DC콤보","1","1","","24시간 이용가능","서울시 소유",""
"seoul_owned_목동공영주차장_3","목동공영주차장","","","DC콤보","100","DC콤보","1","1","","24시간 이용가능","서울시 소유",""
"seoul_owned_목동공영주차장_4","목동공영주차장","","","DC콤보","100","DC콤보","1","1","","24시간 이용가능","서울시 소유",""
"seoul_owned_목동공영주차장_5","목동공영주차장","","","DC콤보","100","DC콤보","1","1","","24시간 이용가능","서울시 소유",""
"seoul_owned_목동공영주차장_6","목동공영주차장","","","DC콤보","100","DC콤보","1","1","","24시간 이용가능","서울시 소유",""
"seoul_owned_목동공영주차장_7","목동공영주차장","","","DC콤보","100","DC콤보","1","1","","24시간 이용가능","서울시 소유",""
"seoul_owned_목동공영주차장_8","목동공영주차장","","","DC콤보","100","DC콤보","1","1","","24시간 이용가능","서울시 소유",""
"seoul_owned_목동공영주차장_9","목동공영주차장","","","DC콤보","100","DC콤보","1","1","","24시간 이용가능","서울시 소유",""
"seoul_owned_목동공영주차장_10","목동공영주차장","","","DC콤보","100","DC콤보","1","1","","24시간 이용가능","서울시 소유",""
"seoul_owned_목동공영주차장_11","목동공영주차장","","","DC콤보","100","DC콤보","1","1","","24시간 이용가능","서울시 소유",""
"seoul_owned_목동공영주차장_12","목동공영주차장","","","DC콤보","100","DC콤보","1","1","","24시간 이용가능","서울시 소유",""
"seoul_owned_목동공영주차장_13","목동공영주차장","","","DC콤보","100","DC콤보","1","1","","24시간 이용가능","서울시 소유",""
"seoul_owned_문정근린공원 공영주차장_1","문정근린공원 공영주차장","","","AC완속","7","AC완속","1","1","","24시간 이용가능","서울시 소유",""
"seoul_owned_문정근린공원 공영주차장_2","문정근린공원 공영주차장","","","AC완속","7","AC완속","1","1","","24시간 이용가능","서울시 소유",""
"seoul_owned_문정근린공원 공영주차장_3","문정근린공원 공영주차장","","","AC완속","7","AC완속","1","1","","24시간 이용가능","서울시 소유",""
"seoul_owned_문정동 세광교회 앞 전기차 충전소_1","문정동 세광교회 앞 전기차 충전소","","","AC완속","7","AC완속","1","1","","24시간 이용가능","서울시 소유",""
"seoul_owned_문화재청 궁능유적본부_1","문화재청 궁능유적본부","","","AC완속","7","AC완속","1","1","","24시간 이용가능","서울시 소유",""
"seoul_owned_문화재청 궁능유적본부_2","문화재청 궁능유적본부","","","AC완속","7","AC완속","1","1","","24시간 이용가능","서울시 소유",""
"seoul_owned_미아동 도봉세무서 앞 전기차 충전소_1","미아동 도봉세무서 앞 전기차 충전소","","","AC완속","7","AC완속","1","1","","24시간 이용가능","서울시 소유",""
"seoul_owned_미아동 축산농협 전기차 충전소_1","미아동 축산농협 전기차 충전소","","","AC완속","7","AC완속","1","1","","24시간 이용가능","서울시 소유",""
"seoul_owned_미아동 축산농협 전기차 충전소_2","미아동 축산농협 전기차 충전소","","","AC완속","7","AC완속","1","1","","24시간 이용가능","서울시 소유",""
"seoul_owned_미아동공영주차장_1","미아동공영주차장","","","DC콤보","50","DC콤보","1","1","","24시간 이용가능","서울시 소유",""
"seoul_owned_미화어린이공원 주차장_1","미화어린이공원 주차장","","","DC콤보","50","DC콤보","1","1","","24시간 이용가능","서울시 소유",""
"seoul_owned_반포복개천 노상공영주차장_1","반포복개천 노상공영주차장","","","DC콤보","50","DC콤보","1","1","","24시간 이용가능","서울시 소유",""
"seoul_owned_방학동 도깨비시장 공영주차장_1","방학동 도깨비시장 공영주차장","","","DC콤보","50","DC콤보","1","1","","24시간 이용가능","서울시 소유",""
"seoul_owned_방화로 노상공영주차장_1","방화로 노상공영주차장","","","DC콤보","50","DC콤보","1","1","","24시간 이용가능","서울시 소유",""
"seoul_owned_배봉공영주차장_1","배봉공영주차장","","","DC콤보","100","DC콤보","1","1","","24시간 이용가능","서울시 소유",""
"seoul_owned_배봉공영주차장_2","배봉공영주차장","","","DC콤보","100","DC콤보","1","1","","24시간 이용가능","서울시 소유",""
"seoul_owned_보라매공원 정문주차장_1","보라매공원 정문주차장","","","DC콤보","100","DC콤보","1","1","","24시간 이용가능","서울시 소유",""
"seoul_owned_보라매공원 정문주차장_2","보라매공원 정문주차장","","","DC콤보","100","DC콤보","1","1","","24시간 이용가능","서울시 소유",""
"seoul_owned_복정역 공영주차장_1","복정역 공영주차장","","","DC콤보","50","DC콤보","1","1","","주중 08:00~19:00, 주말 09:00~18:00","서울시 소유",""
"seoul_owned_복정역 공영주차장_2","복정역 공영주차장","","","DC콤보","50","DC콤보","1","1","","주중 08:00~19:00, 주말 09:00~18:00","서울시 소유",""
"seoul_owned_봉화산역(남)환승공영주차장_1","봉화산역(남)환승공영주차장","","","AC완속","7","AC완속","1","1","","24시간 이용가능","서울시 소유",""
"seoul_owned_봉화산역(남)환승공영주차장_2","봉화산역(남)환승공영주차장","","","AC완속","7","AC완속","1","1","","24시간 이용가능","서울시 소유",""
"seoul_owned_북가좌동 공영주차장 전기차 충전소_1","북가좌동 공영주차장 전기차 충전소","","","AC완속","7","AC완속","1","1","","24시간 이용가능","서울시 소유",""
"seoul_owned_북악골프연습장_1","북악골프연습장","","","DC콤보","50","DC콤보","1","1","","05:00 ~ 24:00","서울시 소유",""
"seoul_owned_북악골프연습장_2","북악골프연습장","","","DC콤보","50","DC콤보","1","1","","05:00 ~ 24:00","서울시 소유",""
"seoul_owned_북악골프연습장_3","북악골프연습장","","","DC콤보","100","DC콤보","1","1","","05:00 ~ 24:00","서울시 소유",""
"seoul_owned_불암산공영주차장_1","불암산공영주차장","","","DC콤보","100","DC콤보","1","1","","24시간 이용가능","서울시 소유",""
"seoul_owned_불암산공영주차장_2","불암산공영주차장","","","DC콤보","100","DC콤보","1","1","","24시간 이용가능","서울시 소유",""
"seoul_owned_불암산스포츠타운_1","불암산스포츠타운","","","DC콤보","100","DC콤보","1","1","","24시간 이용가능","서울시 소유",""
"seoul_owned_빙수골 거주자우선주차장_1","빙수골 거주자우선주차장","","","DC콤보","50","DC콤보","1","1","","24시간 이용가능","서울시 소유",""
"seoul_owned_사당5동 주민센터 거주자주차장_1","사당5동 주민센터 거주자주차장","","","DC콤보","50","DC콤보","1","1","","24시간 이용가능","서울시 소유",""
"seoul_owned_사당문화회관 부설주차장_1","사당문화회관 부설주차장","","","DC콤보","50","DC콤보","1","1","","24시간 이용가능","서울시 소유",""
"seoul_owned_사당종합체육관_1","사당종합체육관","","","AC완속","7","AC완속","1","1","","24시간 이용가능","서울시 소유",""
"seoul_owned_삼전동 공영주차장_1","삼전동 공영주차장","","","AC완속","7","AC완속","1","1","","24시간 이용가능","서울시 소유",""
"seoul_owned_삼전동 공영주차장_2","삼전동 공영주차장","","","AC완속","7","AC완속","1","1","","24시간 이용가능","서울시 소유",""
"seoul_owned_삼전동 공영주차장_3","삼전동 공영주차장","","","AC완속","7","AC완속","1","1","","24시간 이용가능","서울시 소유",""
"seoul_owned_상계구민체육센터_1","상계구민체육센터","","","DC콤보","100","DC콤보","1","1","","24시간 이용가능","서울시 소유",""
"seoul_owned_서대문구청 주차장_1","서대문구청 주차장","","","DC콤보","50","DC콤보","1","1","","평일 09:00~18:00","서울시 소유",""
"seoul_owned_서소문청사(지상)_1","서소문청사(지상)","","","DC콤보","120","DC콤보","1","1","","평일 09:00~18:00","서울시 소유",""
"seoul_owned_서소문청사(지상)_2","서소문청사(지상)","","","DC콤보","120","DC콤보","1","1","","평일 09:00~18:00","서울시 소유",""
"seoul_owned_서소문청사(지하주차장)_1","서소문청사(지하주차장)","","","DC콤보","50","DC콤보","1","1","","주중 08:00~19:00, 주말 09:00~18:00","서울시 소유",""
"seoul_owned_서소문청사(지하주차장)_2","서소문청사(지하주차장)","","","DC콤보","50","DC콤보","1","1","","주중 08:00~19:00, 주말 09:00~18:00","서울시 소유",""
"seoul_owned_서소문청사(지하주차장)_3","서소문청사(지하주차장)","","","DC콤보","50","DC콤보","1","1","","주중 08:00~19:00, 주말 09:00~18:00","서울시 소유",""
"seoul_owned_서소문청사(지하주차장)_4","서소문청사(지하주차장)","","","DC콤보","50","DC콤보","1","1","","주중 08:00~19:00, 주말 09:00~18:00","서울시 소유",""
"seoul_owned_서소문청사(지하주차장)_5","서소문청사(지하주차장)","","","AC완속","7","AC완속","1","1","","주중 08:00~19:00, 주말 09:00~18:00","서울시 소유",""
"seoul_owned_서소문청사(후생동)_1","서소문청사(후생동)","","","AC완속","7","AC완속","1","1","","주중 08:00~19:00, 주말 09:00~18:00","서울시 소유",""
"seoul_owned_서울물재생시설공단_1","서울물재생시설공단","","","DC콤보","100","DC콤보","1","1","","24시간 이용가능","서울시 소유",""
"seoul_owned_서울물재생시설공단_2","서울물재생시설공단","","","DC콤보","100","DC콤보","1","1","","24시간 이용가능","서울시 소유",""
"seoul_owned_서울숲공원주차장_1","서울숲공원주차장","","","DC콤보","100","DC콤보","1","1","","24시간 이용가능","서울시 소유",""
"seoul_owned_서울숲공원주차장_2","서울숲공원주차장","","","DC콤보","100","DC콤보","1","1","","24시간 이용가능","서울시 소유",""
"seoul_owned_서울숲공원주차장_3","서울숲공원주차장","","","DC콤보","50","DC콤보","1","1","","24시간 이용가능","서울시 소유",""
"seoul_owned_서울숲공원주차장_4","서울숲공원주차장","","","DC콤보","50","DC콤보","1","1","","24시간 이용가능","서울시 소유",""
"seoul_owned_서울시 본관청사_5","서울시 본관청사","","","DC콤보","50","DC콤보","1","1","","주중 08:00~19:00, 주말 09:00~18:00","서울시 소유",""
"seoul_owned_서울시 본관청사_6","서울시 본관청사","","","DC콤보","50","DC콤보","1","1","","주중 08:00~19:00, 주말 09:00~18:00","서울시 소유",""
"seoul_owned_서울시 본관청사_7","서울시 본관청사","","","DC콤보","50","DC콤보","1","1","","주중 08:00~19:00, 주말 09:00~18:00","서울시 소유",""
"seoul_owned_서울시 본관청사_8","서울시 본관청사","","","DC콤보","50","DC콤보","1","1","","주중 08:00~19:00, 주말 09:00~18:00","서울시 소유",""
"seoul_owned_서울연극창작센터_1","서울연극창작센터","","","DC콤보","100","DC콤보","1","1","","06:00 ~ 24:00","서울시 소유",""
"seoul_owned_서울연극창작센터_2","서울연극창작센터","","","DC콤보","100","DC콤보","1","1","","06:00 ~ 24:00","서울시 소유",""
"seoul_owned_서울월드컵경기장 _1","서울월드컵경기장 ","","","DC콤보","100","DC콤보","1","1","","24시간 이용가능","서울시 소유",""
"seoul_owned_서울월드컵경기장 _2","서울월드컵경기장 ","","","DC콤보","100","DC콤보","1","1","","24시간 이용가능","서울시 소유",""
"seoul_owned_서울월드컵경기장 _3","서울월드컵경기장 ","","","DC콤보","100","DC콤보","1","1","","24시간 이용가능","서울시 소유",""
"seoul_owned_서울월드컵경기장 _4","서울월드컵경기장 ","","","DC콤보","100","DC콤보","1","1","","24시간 이용가능","서울시 소유",""
"seoul_owned_서울월드컵경기장 _5","서울월드컵경기장 ","","","DC콤보","100","DC콤보","1","1","","24시간 이용가능","서울시 소유",""
"seoul_owned_서울월드컵경기장 _6","서울월드컵경기장 ","","","DC콤보","100","DC콤보","1","1","","24시간 이용가능","서울시 소유",""
"seoul_owned_서울월드컵경기장 _7","서울월드컵경기장 ","","","DC콤보","100","DC콤보","1","1","","24시간 이용가능","서울시 소유",""
"seoul_owned_서울월드컵경기장 _8","서울월드컵경기장 ","","","DC콤보","100","DC콤보","1","1","","24시간 이용가능","서울시 소유",""
"seoul_owned_서울월드컵경기장 _9","서울월드컵경기장 ","","","DC콤보","100","DC콤보","1","1","","24시간 이용가능","서울시 소유",""
"seoul_owned_서울월드컵경기장 _10","서울월드컵경기장 ","","","DC콤보","100","DC콤보","1","1","","24시간 이용가능","서울시 소유",""
"seoul_owned_서울월드컵경기장 _11","서울월드컵경기장 ","","","DC콤보","100","DC콤보","1","1","","24시간 이용가능","서울시 소유",""
"seoul_owned_서울월드컵경기장 _12","서울월드컵경기장 ","","","DC콤보","100","DC콤보","1","1","","24시간 이용가능","서울시 소유",""
"seoul_owned_서울월드컵경기장 _13","서울월드컵경기장 ","","","DC콤보","100","DC콤보","1","1","","24시간 이용가능","서울시 소유",""
"seoul_owned_서울월드컵경기장 _14","서울월드컵경기장 ","","","DC콤보","100","DC콤보","1","1","","24시간 이용가능","서울시 소유",""
"seoul_owned_서울월드컵경기장 _15","서울월드컵경기장 ","","","DC콤보","100","DC콤보","1","1","","24시간 이용가능","서울시 소유",""
"seoul_owned_서울특별시 동부기술교육원_1","서울특별시 동부기술교육원","","","DC콤보","50","DC콤보","1","1","","24시간 이용가능","서울시 소유",""
"seoul_owned_서울특별시 동부기술교육원_2","서울특별시 동부기술교육원","","","DC콤보","50","DC콤보","1","1","","24시간 이용가능","서울시 소유",""
"seoul_owned_서울특별시 동부기술교육원_3","서울특별시 동부기술교육원","","","DC콤보","50","DC콤보","1","1","","24시간 이용가능","서울시 소유",""
"seoul_owned_서울특별시 동부기술교육원_4","서울특별시 동부기술교육원","","","DC콤보","50","DC콤보","1","1","","24시간 이용가능","서울시 소유",""
"seoul_owned_석계역 공영주차장(문화공원 옆)_1","석계역 공영주차장(문화공원 옆)","","","DC콤보","100","DC콤보","1","1","","24시간 이용가능","서울시 소유",""
"seoul_owned_석계역 공영주차장(문화공원 옆)_2","석계역 공영주차장(문화공원 옆)","","","DC콤보","100","DC콤보","1","1","","24시간 이용가능","서울시 소유",""
"seoul_owned_석계역 공영주차장(석계역 앞)_1","석계역 공영주차장(석계역 앞)","","","DC콤보","100","DC콤보","1","1","","24시간 이용가능","서울시 소유",""
"seoul_owned_석계역 공영주차장(석계역 앞)_2","석계역 공영주차장(석계역 앞)","","","DC콤보","100","DC콤보","1","1","","24시간 이용가능","서울시 소유",""
"seoul_owned_석관동공영주차장_1","석관동공영주차장","","","DC콤보","50","DC콤보","1","1","","24시간 이용가능","서울시 소유",""
"seoul_owned_석관동공영주차장_2","석관동공영주차장","","","DC콤보","50","DC콤보","1","1","","24시간 이용가능","서울시 소유",""
"seoul_owned_석관동공영주차장_3","석관동공영주차장","","","DC콤보","50","DC콤보","1","1","","24시간 이용가능","서울시 소유",""
"seoul_owned_석관동공영주차장_4","석관동공영주차장","","","DC콤보","50","DC콤보","1","1","","24시간 이용가능","서울시 소유",""
"seoul_owned_성동구 마장동 거주자우선주차장 가로등형 충전기_1","성동구 마장동 거주자우선주차장 가로등형 충전기","","","DC콤보","50","DC콤보","1","1","","평일 09:00~18:00","서울시 소유",""
"seoul_owned_성동구청_1","성동구청","","","DC차데모+AC3상+DC콤보","50","DC차데모+AC3상+DC콤보","1","1","","주중 08:00~19:00, 주말 09:00~18:00","서울시 소유",""
"seoul_owned_성북구의회_1","성북구의회","","","DC콤보","50","DC콤보","1","1","","24시간 이용가능","서울시 소유",""
"seoul_owned_송월동차고지_4","송월동차고지","","","DC콤보","100","DC콤보","1","1","","주중 08:00~19:00, 주말 09:00~18:00","서울시 소유",""
"seoul_owned_송월동차고지_5","송월동차고지","","","DC콤보","100","DC콤보","1","1","","주중 08:00~19:00, 주말 09:00~18:00","서울시 소유",""
"seoul_owned_송월동차고지_8","송월동차고지","","","DC콤보","100","DC콤보","1","1","","주중 08:00~19:00, 주말 09:00~18:00","서울시 소유",""
"seoul_owned_송월동차고지_9","송월동차고지","","","DC콤보","100","DC콤보","1","1","","주중 08:00~19:00, 주말 09:00~18:00","서울시 소유",""
"seoul_owned_송월동차고지_10","송월동차고지","","","DC콤보","50","DC콤보","1","1","","주중 08:00~19:00, 주말 09:00~18:00","서울시 소유",""
"seoul_owned_송월동차고지_11","송월동차고지","","","DC콤보","50","DC콤보","1","1","","주중 08:00~19:00, 주말 09:00~18:00","서울시 소유",""
"seoul_owned_송월동차고지_12","송월동차고지","","","AC완속","7","AC완속","1","1","","주중 08:00~19:00, 주말 09:00~18:00","서울시 소유",""
"seoul_owned_송월동차고지_13","송월동차고지","","","AC완속","7","AC완속","1","1","","주중 08:00~19:00, 주말 09:00~18:00","서울시 소유",""
"seoul_owned_송월동차고지_14","송월동차고지","","","AC완속","7","AC완속","1","1","","주중 08:00~19:00, 주말 09:00~18:00","서울시 소유",""
"seoul_owned_송월동차고지_15","송월동차고지","","","AC완속","7","AC완속","1","1","","주중 08:00~19:00, 주말 09:00~18:00","서울시 소유",""
"seoul_owned_송월동차고지_16","송월동차고지","","","AC완속","7","AC완속","1","1","","주중 08:00~19:00, 주말 09:00~18:00","서울시 소유",""
"seoul_owned_송월동차고지_17","송월동차고지","","","AC완속","7","AC완속","1","1","","주중 08:00~19:00, 주말 09:00~18:00","서울시 소유",""
"seoul_owned_송월동차고지_18","송월동차고지","","","AC완속","7","AC완속","1","1","","주중 08:00~19:00, 주말 09:00~18:00","서울시 소유",""
"seoul_owned_송정동주민센터_1","송정동주민센터","","","DC콤보","100","DC콤보","1","1","","24시간 이용가능","서울시 소유",""
"seoul_owned_수락산 근린공원 공영주차장_1","수락산 근린공원 공영주차장","","","DC콤보","100","DC콤보","1","1","","24시간 이용가능","서울시 소유",""
"seoul_owned_수락산 근린공원 공영주차장_2","수락산 근린공원 공영주차장","","","DC콤보","100","DC콤보","1","1","","24시간 이용가능","서울시 소유",""
"seoul_owned_수락산당고개공원_1","수락산당고개공원","","","DC콤보","100","DC콤보","1","1","","24시간 이용가능","서울시 소유",""
"seoul_owned_수락산당고개공원_2","수락산당고개공원","","","DC콤보","100","DC콤보","1","1","","24시간 이용가능","서울시 소유",""
"seoul_owned_수락산디자인거리_1","수락산디자인거리","","","DC콤보","100","DC콤보","1","1","","24시간 이용가능","서울시 소유",""
"seoul_owned_수락산디자인거리_2","수락산디자인거리","","","DC콤보","100","DC콤보","1","1","","24시간 이용가능","서울시 소유",""
"seoul_owned_수락산디자인거리 공영주차장_1","수락산디자인거리 공영주차장","","","DC콤보","50","DC콤보","1","1","","24시간 이용가능","서울시 소유",""
"seoul_owned_수락산스포츠타운_1","수락산스포츠타운","","","DC콤보","50","DC콤보","1","1","","24시간 이용가능","서울시 소유",""
"seoul_owned_수서역 공영주차장 복합충전소_1","수서역 공영주차장 복합충전소","","","DC콤보","200","DC콤보","1","1","","24시간 이용가능","서울시 소유",""
"seoul_owned_수서역 공영주차장 복합충전소_2","수서역 공영주차장 복합충전소","","","DC콤보","200","DC콤보","1","1","","24시간 이용가능","서울시 소유",""
"seoul_owned_수서역 공영주차장 복합충전소_3","수서역 공영주차장 복합충전소","","","DC콤보","200","DC콤보","1","1","","24시간 이용가능","서울시 소유",""
"seoul_owned_수서역 공영주차장 복합충전소_4","수서역 공영주차장 복합충전소","","","DC콤보","200","DC콤보","1","1","","24시간 이용가능","서울시 소유",""
"seoul_owned_수서역 공영주차장 복합충전소_5","수서역 공영주차장 복합충전소","","","DC콤보","200","DC콤보","1","1","","24시간 이용가능","서울시 소유",""
"seoul_owned_수서역 공영주차장 복합충전소_6","수서역 공영주차장 복합충전소","","","DC콤보","200","DC콤보","1","1","","24시간 이용가능","서울시 소유",""
"seoul_owned_수유동 가오천 공영주차장 전기차 충전소_1","수유동 가오천 공영주차장 전기차 충전소","","","AC완속","7","AC완속","1","1","","24시간 이용가능","서울시 소유",""
"seoul_owned_숭인도담공영주차장_1","숭인도담공영주차장","","","DC콤보","100","DC콤보","1","1","","24시간 이용가능","서울시 소유",""
"seoul_owned_시립서부노인전문요양센터_1","시립서부노인전문요양센터","","","AC완속","7","AC완속","1","1","","24시간 이용가능","서울시 소유",""
"seoul_owned_신대방동 거주자우선주차장_1","신대방동 거주자우선주차장","","","DC콤보","50","DC콤보","1","1","","24시간 이용가능","서울시 소유",""
"seoul_owned_신도림역 공영주차장 _1","신도림역 공영주차장 ","","","DC콤보","50","DC콤보","1","1","","24시간 이용가능","서울시 소유",""
"seoul_owned_신도림역 공영주차장 _2","신도림역 공영주차장 ","","","DC콤보","50","DC콤보","1","1","","24시간 이용가능","서울시 소유",""
"seoul_owned_신사1동 공동주차장 _1","신사1동 공동주차장 ","","","DC콤보","100","DC콤보","1","1","","주중 08:00~19:00, 주말 09:00~18:00","서울시 소유",""
"seoul_owned_신사1동 공동주차장 _2","신사1동 공동주차장 ","","","DC콤보","100","DC콤보","1","1","","주중 08:00~19:00, 주말 09:00~18:00","서울시 소유",""
"seoul_owned_신월5동 복개 노상공영주차장_1","신월5동 복개 노상공영주차장","","","DC콤보","50","DC콤보","1","1","","24시간 이용가능","서울시 소유",""
"seoul_owned_신정4동길 노상공영주차장_1","신정4동길 노상공영주차장","","","DC콤보","50","DC콤보","1","1","","24시간 이용가능","서울시 소유",""
"seoul_owned_신정4동길 노상공영주차장_2","신정4동길 노상공영주차장","","","DC콤보","50","DC콤보","1","1","","24시간 이용가능","서울시 소유",""
"seoul_owned_신창동 공영주차장_1","신창동 공영주차장","","","DC콤보","100","DC콤보","1","1","","24시간 이용가능","서울시 소유",""
"seoul_owned_아현2구역 공영주차장_1","아현2구역 공영주차장","","","DC콤보","50","DC콤보","1","1","","24시간 이용가능","서울시 소유",""
"seoul_owned_아현2구역 공영주차장_2","아현2구역 공영주차장","","","DC콤보","50","DC콤보","1","1","","24시간 이용가능","서울시 소유",""
"seoul_owned_아현2구역 공영주차장_3","아현2구역 공영주차장","","","DC콤보","50","DC콤보","1","1","","24시간 이용가능","서울시 소유",""
"seoul_owned_아현2구역 공영주차장_4","아현2구역 공영주차장","","","DC콤보","50","DC콤보","1","1","","24시간 이용가능","서울시 소유",""
"seoul_owned_아현2구역 공영주차장_5","아현2구역 공영주차장","","","DC콤보","50","DC콤보","1","1","","24시간 이용가능","서울시 소유",""
"seoul_owned_아현2구역 공영주차장_6","아현2구역 공영주차장","","","DC콤보","50","DC콤보","1","1","","24시간 이용가능","서울시 소유",""
"seoul_owned_아현2구역 공영주차장_7","아현2구역 공영주차장","","","DC콤보","50","DC콤보","1","1","","24시간 이용가능","서울시 소유",""
"seoul_owned_앵봉산가족캠핑장_1","앵봉산가족캠핑장","","","DC콤보","100","DC콤보","1","1","","24시간 이용가능","서울시 소유",""
"seoul_owned_앵봉산가족캠핑장_2","앵봉산가족캠핑장","","","DC콤보","100","DC콤보","1","1","","24시간 이용가능","서울시 소유",""
"seoul_owned_양재솔라스테이션_1","양재솔라스테이션","","","DC차데모+DC콤보","50","DC차데모+DC콤보","1","1","","24시간 이용가능","서울시 소유",""
"seoul_owned_양재솔라스테이션_2","양재솔라스테이션","","","DC차데모+DC콤보","50","DC차데모+DC콤보","1","1","","24시간 이용가능","서울시 소유",""
"seoul_owned_양재솔라스테이션_3","양재솔라스테이션","","","DC차데모+DC콤보","50","DC차데모+DC콤보","1","1","","24시간 이용가능","서울시 소유",""
"seoul_owned_양재솔라스테이션_4","양재솔라스테이션","","","DC차데모+DC콤보","50","DC차데모+DC콤보","1","1","","24시간 이용가능","서울시 소유",""
"seoul_owned_양재솔라스테이션_5","양재솔라스테이션","","","DC차데모+DC콤보","50","DC차데모+DC콤보","1","1","","24시간 이용가능","서울시 소유",""
"seoul_owned_양재솔라스테이션_6","양재솔라스테이션","","","DC차데모+DC콤보","50","DC차데모+DC콤보","1","1","","24시간 이용가능","서울시 소유",""
"seoul_owned_양재솔라스테이션_7","양재솔라스테이션","","","DC콤보","50","DC콤보","1","1","","24시간 이용가능","서울시 소유",""
"seoul_owned_양재솔라스테이션_8","양재솔라스테이션","","","DC콤보","50","DC콤보","1","1","","24시간 이용가능","서울시 소유",""
"seoul_owned_양재솔라스테이션_9","양재솔라스테이션","","","DC콤보","50","DC콤보","1","1","","24시간 이용가능","서울시 소유",""
"seoul_owned_양재솔라스테이션_10","양재솔라스테이션","","","DC콤보","50","DC콤보","1","1","","24시간 이용가능","서울시 소유",""
"seoul_owned_양재솔라스테이션_11","양재솔라스테이션","","","DC콤보","100","DC콤보","1","1","","24시간 이용가능","서울시 소유",""
"seoul_owned_양재솔라스테이션_12","양재솔라스테이션","","","DC콤보","100","DC콤보","1","1","","24시간 이용가능","서울시 소유",""
"seoul_owned_양천구민체육센터_1","양천구민체육센터","","","DC콤보","100","DC콤보","1","1","","24시간 이용가능","서울시 소유",""
"seoul_owned_양천구민체육센터_2","양천구민체육센터","","","DC콤보","100","DC콤보","1","1","","24시간 이용가능","서울시 소유",""
"seoul_owned_양천구청_1","양천구청","","","DC차데모+AC3상+DC콤보","50","DC차데모+AC3상+DC콤보","1","1","","24시간 이용가능","서울시 소유",""
"seoul_owned_어린이대공원 구의문 주차장 복합충전소_1","어린이대공원 구의문 주차장 복합충전소","","","DC콤보","200","DC콤보","1","1","","24시간 이용가능","서울시 소유",""
"seoul_owned_어린이대공원 구의문 주차장 복합충전소_2","어린이대공원 구의문 주차장 복합충전소","","","DC콤보","200","DC콤보","1","1","","24시간 이용가능","서울시 소유",""
"seoul_owned_어린이대공원 구의문 주차장 복합충전소_3","어린이대공원 구의문 주차장 복합충전소","","","DC콤보","200","DC콤보","1","1","","24시간 이용가능","서울시 소유",""
"seoul_owned_어린이대공원 구의문 주차장 복합충전소_4","어린이대공원 구의문 주차장 복합충전소","","","DC콤보","200","DC콤보","1","1","","24시간 이용가능","서울시 소유",""
"seoul_owned_어린이대공원 구의문 주차장 복합충전소_5","어린이대공원 구의문 주차장 복합충전소","","","DC콤보","200","DC콤보","1","1","","24시간 이용가능","서울시 소유",""
"seoul_owned_어린이대공원 구의문 주차장 복합충전소_6","어린이대공원 구의문 주차장 복합충전소","","","DC콤보","200","DC콤보","1","1","","24시간 이용가능","서울시 소유",""
"seoul_owned_어린이대공원 후문주차장_1","어린이대공원 후문주차장","","","DC콤보","50","DC콤보","1","1","","주중 08:00~19:00, 주말 09:00~18:00","서울시 소유",""
"seoul_owned_여의도 KBS홀 앞 전기차 충전소_1","여의도 KBS홀 앞 전기차 충전소","","","DC콤보","50","DC콤보","1","1","","24시간 이용가능","서울시 소유",""
"seoul_owned_여의도 KBS홀 앞 전기차 충전소_2","여의도 KBS홀 앞 전기차 충전소","","","AC완속","7","AC완속","1","1","","24시간 이용가능","서울시 소유",""
"seoul_owned_여의도 KBS홀 앞 전기차 충전소_3","여의도 KBS홀 앞 전기차 충전소","","","AC완속","7","AC완속","1","1","","24시간 이용가능","서울시 소유",""
"seoul_owned_여의서로 노상공영주차장_1","여의서로 노상공영주차장","","","DC콤보","50","DC콤보","1","1","","24시간 이용가능","서울시 소유",""
"seoul_owned_여의서로 노상공영주차장_2","여의서로 노상공영주차장","","","DC콤보","50","DC콤보","1","1","","24시간 이용가능","서울시 소유",""
"seoul_owned_연남동 공영주차장_1","연남동 공영주차장","","","DC콤보","100","DC콤보","1","1","","24시간 이용가능","서울시 소유",""
"seoul_owned_연남동 공영주차장_2","연남동 공영주차장","","","DC콤보","100","DC콤보","1","1","","24시간 이용가능","서울시 소유",""
"seoul_owned_연남동 공영주차장_3","연남동 공영주차장","","","DC콤보","100","DC콤보","1","1","","24시간 이용가능","서울시 소유",""
"seoul_owned_연남동 공영주차장_4","연남동 공영주차장","","","DC콤보","100","DC콤보","1","1","","24시간 이용가능","서울시 소유",""
"seoul_owned_연희동 거주자우선주차장_1","연희동 거주자우선주차장","","","DC콤보","50","DC콤보","1","1","","24시간 이용가능","서울시 소유",""
"seoul_owned_연희제2공영주차장_1","연희제2공영주차장","","","DC콤보","100","DC콤보","1","1","","24시간 이용가능","서울시 소유",""
"seoul_owned_연희제2공영주차장_2","연희제2공영주차장","","","DC콤보","100","DC콤보","1","1","","24시간 이용가능","서울시 소유",""
"seoul_owned_영동대로85길 노상공영주차장(대명중학교 뒤)_1","영동대로85길 노상공영주차장(대명중학교 뒤)","","","DC콤보","50","DC콤보","1","1","","24시간 이용가능","서울시 소유",""
"seoul_owned_영동대로85길 노상공영주차장(요금정산소 옆)_1","영동대로85길 노상공영주차장(요금정산소 옆)","","","DC콤보","50","DC콤보","1","1","","24시간 이용가능","서울시 소유",""
"seoul_owned_오목교역 노상공영주차장_1","오목교역 노상공영주차장","","","DC콤보","50","DC콤보","1","1","","24시간 이용가능","서울시 소유",""
"seoul_owned_올림픽기념국민생활관_1","올림픽기념국민생활관","","","AC완속","7","AC완속","1","1","","24시간 이용가능","서울시 소유",""
"seoul_owned_올림픽기념국민생활관_2","올림픽기념국민생활관","","","AC완속","7","AC완속","1","1","","24시간 이용가능","서울시 소유",""
"seoul_owned_올림픽기념국민생활관_3","올림픽기념국민생활관","","","AC완속","7","AC완속","1","1","","24시간 이용가능","서울시 소유",""
"seoul_owned_올림픽기념국민생활관_4","올림픽기념국민생활관","","","AC완속","7","AC완속","1","1","","24시간 이용가능","서울시 소유",""
"seoul_owned_월계동 거주자주차장_1","월계동 거주자주차장","","","DC콤보","50","DC콤보","1","1","","24시간 이용가능","서울시 소유",""
"seoul_owned_월계복지문화센터_1","월계복지문화센터","","","DC콤보","100","DC콤보","1","1","","24시간 이용가능","서울시 소유",""
"seoul_owned_위례성길 공영주차장 전기차 충전소_1","위례성길 공영주차장 전기차 충전소","","","DC콤보","50","DC콤보","1","1","","24시간 이용가능","서울시 소유",""
"seoul_owned_위례성길 공영주차장 전기차 충전소_2","위례성길 공영주차장 전기차 충전소","","","AC완속","7","AC완속","1","1","","24시간 이용가능","서울시 소유",""
"seoul_owned_으뜸공원 공영주차장 전기차 충전소_1","으뜸공원 공영주차장 전기차 충전소","","","AC완속","7","AC완속","1","1","","24시간 이용가능","서울시 소유",""
"seoul_owned_으뜸공원 주차장 _1","으뜸공원 주차장 ","","","DC콤보","50","DC콤보","1","1","","24시간 이용가능","서울시 소유",""
"seoul_owned_으뜸공원 주차장 _2","으뜸공원 주차장 ","","","DC콤보","50","DC콤보","1","1","","24시간 이용가능","서울시 소유",""
"seoul_owned_은평평화공원 지하공영주차장_1","은평평화공원 지하공영주차장","","","DC콤보","100","DC콤보","1","1","","24시간 이용가능","서울시 소유",""
"seoul_owned_을지로 노상공영주차장(신한은행 앞)_1","을지로 노상공영주차장(신한은행 앞)","","","DC콤보","50","DC콤보","1","1","","24시간 이용가능","서울시 소유",""
"seoul_owned_을지로 노상공영주차장(하나은행 앞)_1","을지로 노상공영주차장(하나은행 앞)","","","DC콤보","50","DC콤보","1","1","","24시간 이용가능","서울시 소유",""
"seoul_owned_이문동 거주자우선주차장_1","이문동 거주자우선주차장","","","DC콤보","50","DC콤보","1","1","","24시간 이용가능","서울시 소유",""
"seoul_owned_자양우성1차아파트 앞 전기차 충전소_1","자양우성1차아파트 앞 전기차 충전소","","","DC콤보","50","DC콤보","1","1","","24시간 이용가능","서울시 소유",""
"seoul_owned_자양한양아파트 앞 전기차 충전소_1","자양한양아파트 앞 전기차 충전소","","","DC콤보","50","DC콤보","1","1","","24시간 이용가능","서울시 소유",""
"seoul_owned_잠실 청소년센터 앞 전기차 충전소_1","잠실 청소년센터 앞 전기차 충전소","","","DC콤보","50","DC콤보","1","1","","24시간 이용가능","서울시 소유",""
"seoul_owned_장안동근린공원 지하주차장_1","장안동근린공원 지하주차장","","","DC콤보","100","DC콤보","1","1","","24시간 이용가능","서울시 소유",""
"seoul_owned_장안동근린공원 지하주차장_2","장안동근린공원 지하주차장","","","DC콤보","100","DC콤보","1","1","","24시간 이용가능","서울시 소유",""
"seoul_owned_정릉천변 노상공영주차장_1","정릉천변 노상공영주차장","","","DC콤보","50","DC콤보","1","1","","24시간 이용가능","서울시 소유",""
"seoul_owned_제2월곡인조잔디구장_1","제2월곡인조잔디구장","","","DC콤보","100","DC콤보","1","1","","24시간 이용가능","서울시 소유",""
"seoul_owned_종로구구민회관_1","종로구구민회관","","","DC콤보","100","DC콤보","1","1","","24시간 이용가능","서울시 소유",""
"seoul_owned_중계근린공원 노상주차장_1","중계근린공원 노상주차장","","","DC콤보","100","DC콤보","1","1","","24시간 이용가능","서울시 소유",""
"seoul_owned_중계근린공원 노상주차장_2","중계근린공원 노상주차장","","","DC콤보","100","DC콤보","1","1","","24시간 이용가능","서울시 소유",""
"seoul_owned_중곡동 복개천 노상공영주차장(중곡동우체국 앞)_1","중곡동 복개천 노상공영주차장(중곡동우체국 앞)","","","DC콤보","50","DC콤보","1","1","","24시간 이용가능","서울시 소유",""
"seoul_owned_중랑구시설관리공단 복합청사 주차장_1","중랑구시설관리공단 복합청사 주차장","","","AC완속","7","AC완속","1","1","","09:00~18:00","서울시 소유",""
"seoul_owned_중랑구청_1","중랑구청","","","DC콤보","100","DC콤보","1","1","","주중 08:00~19:00, 주말 09:00~18:00","서울시 소유",""
"seoul_owned_중랑구청_2","중랑구청","","","DC콤보","100","DC콤보","1","1","","주중 08:00~19:00, 주말 09:00~18:00","서울시 소유",""
"seoul_owned_중랑천환경센터_1","중랑천환경센터","","","DC콤보","100","DC콤보","1","1","","24시간 이용가능","서울시 소유",""
"seoul_owned_중랑천환경센터_2","중랑천환경센터","","","DC콤보","100","DC콤보","1","1","","24시간 이용가능","서울시 소유",""
"seoul_owned_중랑초교 공영주차장_1","중랑초교 공영주차장","","","AC완속","7","AC완속","1","1","","24시간 이용가능","서울시 소유",""
"seoul_owned_중랑초교 공영주차장_2","중랑초교 공영주차장","","","AC완속","7","AC완속","1","1","","24시간 이용가능","서울시 소유",""
"seoul_owned_중랑초교 공영주차장_3","중랑초교 공영주차장","","","DC콤보","100","DC콤보","1","1","","24시간 이용가능","서울시 소유",""
"seoul_owned_중랑초교 공영주차장_4","중랑초교 공영주차장","","","AC완속","100","AC완속","1","1","","24시간 이용가능","서울시 소유",""
"seoul_owned_중랑캠핑숲 제1주차장_1","중랑캠핑숲 제1주차장","","","AC완속","7","AC완속","1","1","","24시간 이용가능","서울시 소유",""
"seoul_owned_중랑캠핑숲 제1주차장_2","중랑캠핑숲 제1주차장","","","DC콤보","100","DC콤보","1","1","","24시간 이용가능","서울시 소유",""
"seoul_owned_중랑캠핑숲 제1주차장_3","중랑캠핑숲 제1주차장","","","DC콤보","100","DC콤보","1","1","","24시간 이용가능","서울시 소유",""
"seoul_owned_중랑캠핑숲 제1주차장_4","중랑캠핑숲 제1주차장","","","DC콤보","100","DC콤보","1","1","","24시간 이용가능","서울시 소유",""
"seoul_owned_중랑캠핑숲 제1주차장_5","중랑캠핑숲 제1주차장","","","DC콤보","100","DC콤보","1","1","","24시간 이용가능","서울시 소유",""
"seoul_owned_창2동 제4공영주차장_1","창2동 제4공영주차장","","","DC콤보","50","DC콤보","1","1","","24시간 이용가능","서울시 소유",""
"seoul_owned_창3동 제1공영주차장_1","창3동 제1공영주차장","","","DC콤보","50","DC콤보","1","1","","24시간 이용가능","서울시 소유",""
"seoul_owned_창동역 공영주차장_1","창동역 공영주차장","","","DC콤보","50","DC콤보","1","1","","24시간 이용가능","서울시 소유",""
"seoul_owned_천왕산가족캠핑장_1","천왕산가족캠핑장","","","DC콤보","100","DC콤보","1","1","","24시간 이용가능","서울시 소유",""
"seoul_owned_천왕산가족캠핑장_2","천왕산가족캠핑장","","","DC콤보","100","DC콤보","1","1","","24시간 이용가능","서울시 소유",""
"seoul_owned_천호역 공영주차장_1","천호역 공영주차장","","","DC차데모+AC3상+DC콤보","50","DC차데모+AC3상+DC콤보","1","1","","24시간 이용가능","서울시 소유",""
"seoul_owned_청계3 노상공영주차장(고려상사 앞)_1","청계3 노상공영주차장(고려상사 앞)","","","DC콤보","50","DC콤보","1","1","","24시간 이용가능","서울시 소유",""
"seoul_owned_청계3 노상공영주차장(코리아몰 앞)_1","청계3 노상공영주차장(코리아몰 앞)","","","DC콤보","50","DC콤보","1","1","","24시간 이용가능","서울시 소유",""
"seoul_owned_청계5 노상공영주차장_1","청계5 노상공영주차장","","","DC콤보","50","DC콤보","1","1","","24시간 이용가능","서울시 소유",""
"seoul_owned_청계5 노상공영주차장_2","청계5 노상공영주차장","","","DC콤보","50","DC콤보","1","1","","24시간 이용가능","서울시 소유",""
"seoul_owned_청계8 노상공영주차장_1","청계8 노상공영주차장","","","DC콤보","50","DC콤보","1","1","","24시간 이용가능","서울시 소유",""
"seoul_owned_청계8 노상공영주차장_2","청계8 노상공영주차장","","","DC콤보","50","DC콤보","1","1","","24시간 이용가능","서울시 소유",""
"seoul_owned_청계8가 노상공영주차장_1","청계8가 노상공영주차장","","","DC콤보","50","DC콤보","1","1","","24시간 이용가능","서울시 소유",""
"seoul_owned_청계8가 노상공영주차장_2","청계8가 노상공영주차장","","","DC콤보","50","DC콤보","1","1","","24시간 이용가능","서울시 소유",""
"seoul_owned_청기와2 노상공영주차장_1","청기와2 노상공영주차장","","","DC콤보","50","DC콤보","1","1","","24시간 이용가능","서울시 소유",""
"seoul_owned_청량리동주차장_1","청량리동주차장","","","DC콤보","100","DC콤보","1","1","","24시간 이용가능","서울시 소유",""
"seoul_owned_청소년미래진로센터(하자센터)_1","청소년미래진로센터(하자센터)","","","DC콤보","100","DC콤보","1","1","","24시간 이용가능","서울시 소유",""
"seoul_owned_청소년미래진로센터(하자센터)_2","청소년미래진로센터(하자센터)","","","DC콤보","100","DC콤보","1","1","","24시간 이용가능","서울시 소유",""
"seoul_owned_초안산근린공원 거주자주차장_1","초안산근린공원 거주자주차장","","","DC콤보","50","DC콤보","1","1","","24시간 이용가능","서울시 소유",""
"seoul_owned_초안산수국동산_1","초안산수국동산","","","DC콤보","100","DC콤보","1","1","","24시간 이용가능","서울시 소유",""
"seoul_owned_하월곡동 거주자우선주차장_1","하월곡동 거주자우선주차장","","","DC콤보","100","DC콤보","1","1","","24시간 이용가능","서울시 소유",""
"seoul_owned_한남동 공영주차장_1","한남동 공영주차장","","","DC콤보","50","DC콤보","1","1","","24시간 이용가능","서울시 소유",""
"seoul_owned_한마음공영주차장_1","한마음공영주차장","","","DC콤보","200","DC콤보","1","1","","24시간 이용가능","서울시 소유",""
"seoul_owned_한마음공영주차장_2","한마음공영주차장","","","DC콤보","200","DC콤보","1","1","","24시간 이용가능","서울시 소유",""
"seoul_owned_한마음공영주차장_3","한마음공영주차장","","","DC콤보","200","DC콤보","1","1","","24시간 이용가능","서울시 소유",""
"seoul_owned_한마음공영주차장_4","한마음공영주차장","","","DC콤보","200","DC콤보","1","1","","24시간 이용가능","서울시 소유",""
"seoul_owned_한마음공영주차장_5","한마음공영주차장","","","DC콤보","200","DC콤보","1","1","","24시간 이용가능","서울시 소유",""
"seoul_owned_한마음공영주차장_6","한마음공영주차장","","","DC콤보","200","DC콤보","1","1","","24시간 이용가능","서울시 소유",""
"seoul_owned_한마음공영주차장_7","한마음공영주차장","","","DC콤보","200","DC콤보","1","1","","24시간 이용가능","서울시 소유",""
"seoul_owned_한마음공영주차장_8","한마음공영주차장","","","DC콤보","200","DC콤보","1","1","","24시간 이용가능","서울시 소유",""
"seoul_owned_한마음공영주차장_9","한마음공영주차장","","","DC콤보","200","DC콤보","1","1","","24시간 이용가능","서울시 소유",""
"seoul_owned_한마음공영주차장_10","한마음공영주차장","","","DC콤보","200","DC콤보","1","1","","24시간 이용가능","서울시 소유",""
"seoul_owned_한마음공영주차장_11","한마음공영주차장","","","DC콤보","200","DC콤보","1","1","","24시간 이용가능","서울시 소유",""
"seoul_owned_한화꿈에그린아파트 거주자우선주차장_1","한화꿈에그린아파트 거주자우선주차장","","","DC콤보","50","DC콤보","1","1","","24시간 이용가능","서울시 소유",""
"seoul_owned_해맞이공영주차장 _1","해맞이공영주차장 ","","","DC콤보","100","DC콤보","1","1","","24시간 이용가능","서울시 소유",""
"seoul_owned_행운동제1공주차장_1","행운동제1공주차장","","","DC콤보","100","DC콤보","1","1","","24시간 이용가능","서울시 소유",""
"seoul_owned_행운동제1공주차장_2","행운동제1공주차장","","","DC콤보","100","DC콤보","1","1","","24시간 이용가능","서울시 소유",""
"seoul_owned_홍제1동 공용주차장_1","홍제1동 공용주차장","","","DC콤보","100","DC콤보","1","1","","24시간 이용가능","서울시 소유",""
"seoul_owned_홍제1동 공용주차장_2","홍제1동 공용주차장","","","DC콤보","100","DC콤보","1","1","","24시간 이용가능","서울시 소유",""
"seoul_owned_홍제동 주영빌딩 앞전기차 충전소_1","홍제동 주영빌딩 앞전기차 충전소","","","DC콤보","50","DC콤보","1","1","","24시간 이용가능","서울시 소유",""
"seoul_owned_화곡본동주민센터_1","화곡본동주민센터","","","DC콤보","100","DC콤보","1","1","","24시간 이용가능","서울시 소유",""
"seoul_owned_화창운수 앞 가로등형 충전소_1","화창운수 앞 가로등형 충전소","","","DC콤보","50","DC콤보","1","1","","주중 08:00~19:00, 주말 09:00~18:00","서울시 소유",""
"seoul_owned_훈련원공원 노상공영주차장_1","훈련원공원 노상공영주차장","","","DC콤보","50","DC콤보","1","1","","24시간 이용가능","서울시 소유",""
"seoul_owned_휘경동 노외공영주차장_1","휘경동 노외공영주차장","","","DC콤보","50","DC콤보","1","1","","24시간 이용가능","서울시 소유",""
